sample_name	taxon	sample_reads_number	reference_genome_refseq	reference_genome_bp	sample_reads_bp	expected_coverage	genome_assembly_bp	genome_assembly_contigs_number	plasmid_assembly_bp	plasmid_assembly_contigs_number	genome_assembled_reads_percentage	genome_assembly_coverage
Kleb102	Klebsiella pneumoniae	1040088	NC_016845.1	5333942	313066488	58.7x	5299447	117	0	0	1.6927544796810063	0.99x
Kleb22	Klebsiella pneumoniae	805318	NC_016845.1	5333942	242400718	45.4x	5882169	118	310494	28	2.426630188446884	1.10x
Kleb24	Klebsiella pneumoniae	856300	NC_016845.1	5333942	257746300	48.3x	5520109	106	674888	52	2.1416831201844606	1.03x
Kleb27	Klebsiella pneumoniae	1056762	NC_016845.1	5333942	318085362	59.6x	5643045	88	229535	18	1.7740662332018913	1.06x
Kleb28	Klebsiella pneumoniae	926382	NC_016845.1	5333942	278840982	52.3x	5887147	131	350471	27	2.1112918760270323	1.10x
Kleb29	Klebsiella pneumoniae	1259976	NC_016845.1	5333942	379252776	71.1x	5892364	127	357256	39	1.5536772234463485	1.10x
Kleb60	Klebsiella pneumoniae	994296	NC_016845.1	5333942	299283096	56.1x	5667707	98	365799	25	1.8937611498111473	1.06x
Kleb85	Klebsiella pneumoniae	1207354	NC_016845.1	5333942	363413554	68.1x	5325762	81	116479	14	1.4654824899568826	1.00x
Kleb90	Klebsiella pneumoniae	1216382	NC_016845.1	5333942	366130982	68.6x	5884446	119	355290	29	1.6071969566344975	1.10x
Kleb91	Klebsiella pneumoniae	1381726	NC_016845.1	5333942	415899526	78.0x	5327475	83	116165	12	1.2809524096452083	1.00x
