Clinical and ELISA data	ELISA: ASPR	ELISA: FGF21	ELISA: Insulin	ELISA: Irisin	ELISA: Leptin	ELISA: Myostatin/GDF8	ELISA: Resistin	ELISA: VEGF
ELISA: ASPR	1.0	0.06826496370097225	0.27969517709623604	0.0781207396016201	0.29792538061106644	0.07057576662719042	-0.13854513694046322	0.009987816705170823
ELISA: FGF21	0.06826496370097225	1.0	0.06972424992538512	0.17591960382560756	0.15049887117089264	0.542694186527558	0.11073283067718502	0.1467455988776174
ELISA: Insulin	0.27969517709623604	0.06972424992538512	1.0	-0.05116609080524476	0.4293329376725342	0.07479417855053469	-0.1942093319186365	0.06273150749673566
ELISA: Irisin	0.0781207396016201	0.17591960382560756	-0.05116609080524476	1.0	0.1616778380200702	0.28238059892038664	0.08048340763949208	0.019780642640296338
ELISA: Leptin	0.29792538061106644	0.15049887117089264	0.4293329376725342	0.1616778380200702	1.0	-0.005196165231160894	-0.16236881054490926	-0.0017385383426455207
ELISA: Myostatin/GDF8	0.07057576662719042	0.542694186527558	0.07479417855053469	0.28238059892038664	-0.005196165231160894	1.0	0.09259107216606689	0.0499436984924199
ELISA: Resistin	-0.13854513694046322	0.11073283067718502	-0.1942093319186365	0.08048340763949208	-0.16236881054490926	0.09259107216606689	1.0	-0.0656802504397535
ELISA: VEGF	0.009987816705170823	0.1467455988776174	0.06273150749673566	0.019780642640296338	-0.0017385383426455207	0.0499436984924199	-0.0656802504397535	1.0
