patient_id	Alpha: Berger-Parker Dominance	Alpha: Chao1 Richness	Alpha: Distinct OTUs	Alpha: Gini–Simpson Index	Alpha: Inverse Simpson Index	Alpha: Shannon Entropy	Alpha: Simpson Index	Beta: Bray-Curtis Distance	Beta: Euclidean Distance	Clinical: Body Mass Index	Clinical: Diastolic Blood Pressure	Clinical: Glucose	Clinical: High-Density Lipoproteins	Clinical: Low-Density Lipoproteins	Clinical: Systolic Blood Pressure	Clinical: Thyroglobulin	Clinical: Total Blood Cholesterol	Clinical: Waist Circumference	ELISA: ASPR	ELISA: FGF21	ELISA: HOMA	ELISA: Insulin	ELISA: Irisin	ELISA: Leptin	ELISA: Myostatin/GDF8	ELISA: Resistin	ELISA: VEGF
402	0.09999999999999998	67.0	67	0.03644770408163267	1.037826389118708	5.340134111997951	0.9635522959183673	0.6136232082342292	0.20463760108161475	36.0	100.0	15.9	1.08	3.5	160.0	2.49	5.81	108.0	2.58	0.0	52.0	695.4	997.21	3444.14	0.0	41367.405	185.19
404	0.11653543307086603	66.0	66	0.04767809535619061	1.0500651041666667	5.119059171966639	0.9523219046438094	0.7209518605700075	0.44250289757703365	31.0	90.0	8.63	1.47	0.95	150.0	3.17	3.93	102.0	1.21	128.64	18.4	457.865	0.0	11424.35	0.0	12643.76	87.625
413	0.15165262475696697	90.0	90	0.044542514035959435	1.0466190434323897	5.431684836562216	0.9554574859640406	0.5302464902419435	0.19801555494202996	34.0	95.0	9.47	1.14	2.42	160.0	3.11	5.09	104.0	0.54	791.5	40.0	905.24	0.0	7643.325	0.0	229606.62	41.77
414	0.221867881548975	46.0	46	0.08426461049911538	1.0920185148081294	4.337962959041165	0.9157353895008846	0.9068011490744395	0.4392047460819062	32.0	95.0	10.66	0.87	0.88	145.0	4.3	3.8	95.0	1.01	575.395	17.0	370.14	0.0	4089.57	1532.67	105790.5	353.59
415	0.11290322580645197	54.0	54	0.04421663631633721	1.0462621949663602	5.0518311885653056	0.9557833636836628	0.9221734078459579	0.44913333968561536	35.0	90.0	6.3	1.5	2.5	150.0	1.14	4.57	90.0	0.0	217.525	5.32	183.95	0.0	19741.93	0.0	99669.135	35.38
416	0.22933884297520682	48.0	48	0.10941662113243644	1.1228594915745755	4.289504094596256	0.8905833788675636	0.8937291149069665	0.42437742328517364	34.0	100.0	7.8	1.05	3.17	155.0	1.26	4.84	96.0	0.5	652.8	20.0	553.74	298.23	99563.585	0.0	36359.765	58.58
