patient_id	Alpha: Berger-Parker Dominance	Alpha: Chao1 Richness	Alpha: Distinct OTUs	Alpha: Gini–Simpson Index	Alpha: Inverse Simpson Index	Alpha: Shannon Entropy	Alpha: Simpson Index	Beta: Bray-Curtis Distance	Beta: Euclidean Distance	Clinical: Body Mass Index	Clinical: Diastolic Blood Pressure	Clinical: Glucose	Clinical: High-Density Lipoproteins	Clinical: Low-Density Lipoproteins	Clinical: Systolic Blood Pressure	Clinical: Thyroglobulin	Clinical: Total Blood Cholesterol	Clinical: Waist Circumference	ELISA: ASPR	ELISA: FGF21	ELISA: HOMA	ELISA: Insulin	ELISA: Irisin	ELISA: Leptin	ELISA: Resistin	ELISA: VEGF
406	0.2548543689320389	26.0	26	0.10726741445942123	1.1201562664977298	3.83521505473159	0.8927325855405788	0.9124813660011906	0.4584371744473468	36.0	80.0	4.87	1.39	2.27	120.0	0.75	4.02	101.0	0.61	0.0	0.44	38.49	0.0	7739.385	33286.18	15.7
407	0.23519736842105288	60.0	60	0.0881936028393352	1.0967240448344815	4.543208910379522	0.9118063971606648	0.8814961887343412	0.36264848594292176	36.0	75.0	5.02	1.2	4.08	115.0	1.63	6.08	110.0	0.37	0.0	3.7	162.955	0.0	14712.875	11157.66	5.82
408	0.104928457869634	63.0	63	0.03707148652439962	1.0384986901993312	5.3034256544431155	0.9629285134756004	0.7024440937683837	0.24460172599781166	36.0	80.0	4.63	2.03	3.81	120.0	0.88	6.27	107.0	0.0	83.74	10.7	501.09	0.0	13828.62	48295.65	30.61
409	0.1792035398230089	31.0	31	0.07705184431043943	1.0834844772541659	4.22530083370755	0.9229481556895606	0.8069266733763448	0.367560959671608	35.0	75.0	4.87	1.2	3.22	115.0	0.72	4.8	100.0	0.3	0.0	71.0	3141.735	0.0	26366.87	45599.39	321.075
410	0.11009485094850906	68.0	68	0.041626961831948917	1.0434350301752224	5.205722049738674	0.9583730381680511	0.7080702886082816	0.30482556301905944	31.0	90.0	3.71	1.3	4.75	120.0	2.45	7.27	105.0	1.6	0.0	0.0	0.0	0.0	14222.65	32518.87	183.0
411	0.22108345534407	53.0	53	0.06859540096336669	1.0736472646090818	4.880356181955577	0.9314045990366333	0.8584161592085113	0.37027177756906515	34.0	75.0	5.4	1.62	3.29	110.0	1.06	5.4	99.0	0.51	99.0	16.5	662.175	2714.845	31812.155	34246.39	156.4
419	0.11638880150990898	78.0	78	0.0343591521150568	1.0355817094837219	5.4909197940590095	0.9656408478849432	0.8337030028866378	0.2812501164205019	45.0	75.0	4.7	1.59	2.84	125.0	1.33	5.06	100.0	0.52	207.8	5.4	256.11	0.0	16500.95	97052.95	143.18
